step,x_struct_raw_left_leg_norm,x_struct_raw_right_leg_norm,x_struct_raw_torso_norm,x_struct_raw_left_leg_var,x_struct_raw_right_leg_var,x_struct_raw_torso_var,x_struct_mixed_left_leg_norm,x_struct_mixed_right_leg_norm,x_struct_mixed_torso_norm,x_struct_mixed_left_leg_var,x_struct_mixed_right_leg_var,x_struct_mixed_torso_var,x_struct_norm_left_leg_norm,x_struct_norm_right_leg_norm,x_struct_norm_torso_norm,x_struct_norm_left_leg_var,x_struct_norm_right_leg_var,x_struct_norm_torso_var,h_struct_proj_left_leg_norm,h_struct_proj_right_leg_norm,h_struct_proj_torso_norm,h_struct_proj_left_leg_var,h_struct_proj_right_leg_var,h_struct_proj_torso_var,h_struct_pre_norm_left_leg_norm,h_struct_pre_norm_right_leg_norm,h_struct_pre_norm_torso_norm,h_struct_pre_norm_left_leg_var,h_struct_pre_norm_right_leg_var,h_struct_pre_norm_torso_var,h_struct_pre_inject_left_leg_norm,h_struct_pre_inject_right_leg_norm,h_struct_pre_inject_torso_norm,h_struct_pre_inject_left_leg_var,h_struct_pre_inject_right_leg_var,h_struct_pre_inject_torso_var,h_struct_post_inject_left_leg_norm,h_struct_post_inject_right_leg_norm,h_struct_post_inject_torso_norm,h_struct_post_inject_left_leg_var,h_struct_post_inject_right_leg_var,h_struct_post_inject_torso_var
1000,5.8565473557,5.8808941841,5.8853921890,2.6183202267,2.6471035480,2.6636934280,6.2771568298,6.2906980515,6.2473039627,2.6213963032,2.6264750957,2.6158387661,4.0772476196,4.0779218674,4.0735349655,0.9778814912,0.9782068133,0.9761192203,8.8331060410,8.7773513794,8.6977109909,0.3048185706,0.3010327816,0.2958151698,15.9577674866,15.9579992294,15.9428920746,0.9947342873,0.9947632551,0.9928837419,16.1669120789,16.1667785645,16.1551914215,1.0209751129,1.0209581852,1.0194964409,16.0356292725,16.0340061188,16.0300083160,1.0044591427,1.0042556524,1.0037559271
2000,6.1301488876,6.1409974098,6.1388640404,2.8428742886,2.8653316498,2.9055514336,6.5277991295,6.5288496017,6.4629745483,2.8201239109,2.8210661411,2.8310687542,4.0537447929,4.0548152924,4.0470328331,0.9666488171,0.9671643376,0.9634881020,8.7262134552,8.6580476761,8.5464496613,0.2976363897,0.2930423319,0.2858018577,15.9500980377,15.9521522522,15.9330940247,0.9937839508,0.9940398932,0.9916709065,16.2495956421,16.2504596710,16.2354354858,1.0314469337,1.0315563679,1.0296521187,16.0561828613,16.0533714294,16.0447940826,1.0070364475,1.0066837072,1.0056103468
1000,6.0185060501,6.0216126442,6.0502848625,2.7627511024,2.7682375908,2.8003945351,6.4325380325,6.4254574776,6.3999323845,2.7667109966,2.7434976101,2.7489752769,4.0735621452,4.0742173195,4.0662446022,0.9761103392,0.9764289260,0.9726223946,8.8562622070,8.7874097824,8.7350864410,0.3063546419,0.3016923368,0.2983058691,15.9608402252,15.9610166550,15.9490938187,0.9951176047,0.9951394796,0.9936552048,16.1474952698,16.1476497650,16.1386928558,1.0185242891,1.0185437202,1.0174152851,16.0366783142,16.0352706909,16.0318565369,1.0045907497,1.0044142008,1.0039871931
2000,6.4719734192,6.4733409882,6.5048203468,2.9991521835,3.0084273815,3.0713884830,6.8444323540,6.8544893265,6.8124089241,2.9558744431,2.9637012482,2.9919724464,4.0510954857,4.0520038605,4.0405821800,0.9653812647,0.9658219218,0.9604109526,8.7481775284,8.6853237152,8.5941886902,0.2990321517,0.2948095500,0.2888802886,15.9524536133,15.9523706436,15.9360361099,0.9940761924,0.9940660596,0.9920349121,16.2176456451,16.2177391052,16.2045059204,1.0273946524,1.0274062157,1.0257323980,16.0545120239,16.0527896881,16.0420207977,1.0068278313,1.0066112280,1.0052646399
3000,5.5732932091,5.5776629448,5.5892982483,2.5572066307,2.5800395012,2.5969300270,5.9438099861,5.9589056969,5.9226880074,2.5151624680,2.5424332619,2.5324740410,4.0363717079,4.0368332863,4.0257463455,0.9584058523,0.9586366415,0.9534010291,8.7303543091,8.6768550873,8.5699386597,0.2979562581,0.2943441570,0.2874067724,15.9663953781,15.9652194977,15.9498910904,0.9958183169,0.9956720471,0.9937662482,16.2893962860,16.2884426117,16.2765445709,1.0365064144,1.0363848209,1.0348740816,16.0731601715,16.0719013214,16.0551242828,1.0091708899,1.0090121031,1.0069133043
4000,5.6723470688,5.6703243256,5.6951932907,2.6599671841,2.6568439007,2.6956176758,6.0406880379,6.0518836975,6.0021653175,2.6170670986,2.6144485474,2.6143777370,4.0155510902,4.0162239075,4.0043787956,0.9485075474,0.9488308430,0.9432846904,8.6048507690,8.5596494675,8.4377412796,0.2893183231,0.2863083184,0.2784802020,15.9600105286,15.9603843689,15.9462652206,0.9950266480,0.9950730205,0.9933190346,16.3479175568,16.3477172852,16.3369464874,1.0439683199,1.0439423323,1.0425690413,16.0817089081,16.0767192841,16.0502758026,1.0102481842,1.0096209049,1.0063185692
5000,5.8646197319,5.8715481758,5.9169306755,2.7229874134,2.7432820797,2.7936615944,6.2102527618,6.2436604500,6.2037472725,2.6737108231,2.7072598934,2.7121970654,4.0034861565,4.0060014725,3.9919505119,0.9428407550,0.9440383911,0.9374770522,8.5524406433,8.5114822388,8.3714990616,0.2858780324,0.2831732631,0.2742154002,15.9575281143,15.9572553635,15.9442911148,0.9947181344,0.9946838617,0.9930730462,16.4009761810,16.4001235962,16.3913726807,1.0507565737,1.0506464243,1.0495270491,16.0784034729,16.0737590790,16.0396823883,1.0098382235,1.0092545748,1.0050033331
6000,5.5781373978,5.5832681656,5.5946974754,2.5301983356,2.5307066441,2.5634706020,5.9449810982,5.9689517021,5.8983736038,2.5117893219,2.5113842487,2.5053586960,3.9991548061,4.0000514984,3.9853944778,0.9408442378,0.9412727952,0.9344652891,8.5712862015,8.5488700867,8.3961744308,0.2872318327,0.2858028710,0.2760524154,15.9653196335,15.9664859772,15.9561634064,0.9956903458,0.9958361387,0.9945530295,16.4608039856,16.4606113434,16.4548912048,1.0584363937,1.0584107637,1.0576757193,16.0884876251,16.0829048157,16.0437412262,1.0111117363,1.0104094744,1.0055265427
7000,6.0986938477,6.1012978554,6.1511721611,2.7702913284,2.7702460289,2.8466908932,6.4371786118,6.4507088661,6.4193086624,2.7205905914,2.7258644104,2.7701613903,3.9872927666,3.9877135754,3.9725954533,0.9352810383,0.9354836345,0.9285084009,8.5117673874,8.4758129120,8.3157691956,0.2832300961,0.2808931172,0.2707613707,15.9563598633,15.9586400986,15.9507656097,0.9945731163,0.9948568344,0.9938788414,16.5128288269,16.5128154755,16.5108394623,1.0651376247,1.0651350021,1.0648798943,16.0702705383,16.0640087128,16.0162696838,1.0088297129,1.0080435276,1.0021066666
8000,5.8157010078,5.8269429207,5.7837462425,2.6529593468,2.6775426865,2.6944470406,6.1533255577,6.1971621513,6.0703554153,2.6213815212,2.6570975780,2.6356928349,3.9830801487,3.9840722084,3.9697942734,0.9334703684,0.9339379668,0.9274259806,8.5448951721,8.5196685791,8.3710145950,0.2861391902,0.2847025692,0.2754484117,15.9692220688,15.9691181183,15.9645528793,0.9961829782,0.9961715341,0.9956051111,16.5726222992,16.5721511841,16.5722980499,1.0728675127,1.0728063583,1.0728250742,16.0805206299,16.0739116669,16.0195808411,1.0101279020,1.0092998743,1.0025401115
9000,6.2113261223,6.2106199265,6.2929997444,2.8113856316,2.8370370865,2.9014244080,6.5164923668,6.5684337616,6.5326724052,2.7665696144,2.8129985332,2.8256938457,3.9668228626,3.9700415134,3.9517848492,0.9257586598,0.9272963405,0.9188731313,8.4479179382,8.4256143570,8.2281589508,0.2791165709,0.2777123451,0.2652976811,15.9598979950,15.9587116241,15.9547214508,0.9950189590,0.9948706627,0.9943763018,16.6228332520,16.6209545135,16.6236763000,1.0793792009,1.0791325569,1.0794861317,16.0651931763,16.0592708588,15.9921255112,1.0082182884,1.0074753761,0.9991357327
10000,6.3471655846,6.3483095169,6.4014320374,2.8935060501,2.9131081104,2.9714775085,6.6611208916,6.7156805992,6.6454882622,2.8491492271,2.8974714279,2.9079260826,3.9601225853,3.9614334106,3.9426810741,0.9226439595,0.9232696295,0.9146868587,8.4179821014,8.3964986801,8.1934566498,0.2771145105,0.2757982612,0.2630459666,15.9568290710,15.9552459717,15.9590673447,0.9946345091,0.9944381714,0.9949172735,16.6774864197,16.6751308441,16.6874237061,1.0864880085,1.0861792564,1.0877811909,16.0672607422,16.0620765686,15.9811210632,1.0084909201,1.0078405142,0.9978021383
11000,6.2942104340,6.3060240746,6.3044400215,2.8526771069,2.8460340500,2.8726351261,6.6170773506,6.6493210793,6.5283818245,2.8116221428,2.8204619884,2.7940649986,3.9563529491,3.9571597576,3.9364163876,0.9209326506,0.9212918282,0.9118305445,8.3967170715,8.3767585754,8.1926574707,0.2758795023,0.2745039463,0.2631629109,15.9557924271,15.9599208832,15.9717540741,0.9945051074,0.9950181842,0.9964976907,16.7269973755,16.7292251587,16.7529869080,1.0929489136,1.0932374001,1.0963457823,16.0389270782,16.0243110657,15.9389810562,1.0049365759,1.0031052828,0.9925584197
12000,6.4032349586,6.4102034569,6.4101862907,2.8722236156,2.8880016804,2.9135060310,6.7179889679,6.7619652748,6.6413297653,2.8263878822,2.8696784973,2.8502380848,3.9537010193,3.9552280903,3.9329397678,0.9197477102,0.9204729795,0.9103216529,8.4105186462,8.3903903961,8.2020063400,0.2767648399,0.2757037580,0.2640188932,15.9570026398,15.9600238800,15.9759883881,0.9946537614,0.9950304031,0.9970293045,16.7827739716,16.7848949432,16.8153476715,1.1002497673,1.1005258560,1.1045272350,16.0219020844,16.0142593384,15.9215955734,1.0028152466,1.0018565655,0.9904292226
13000,6.4766845703,6.4800090790,6.5078382492,2.9480648041,2.9700195789,3.0122909546,6.7784614563,6.8753910065,6.7457995415,2.9265670776,2.9933536053,2.9694192410,3.9402596951,3.9457767010,3.9221413136,0.9135645032,0.9161651731,0.9053749442,8.3714561462,8.3546657562,8.1431026459,0.2745553553,0.2733616233,0.2603609860,15.9612312317,15.9592838287,15.9749917984,0.9951884151,0.9949417114,0.9969102740,16.8422527313,16.8406887054,16.8709182739,1.1080702543,1.1078571081,1.1118474007,16.0336780548,16.0179710388,15.9244213104,1.0043258667,1.0023522377,0.9908164144
14000,6.1432309151,6.1415839195,6.1489963531,2.7512719631,2.7742297649,2.7824397087,6.4735984802,6.5429534912,6.4010000229,2.7461025715,2.8072040081,2.7533910275,3.9381165504,3.9401717186,3.9185237885,0.9126695991,0.9136536717,0.9038265944,8.4148063660,8.4044876099,8.2083854675,0.2775498331,0.2770058215,0.2650054097,15.9678392410,15.9693479538,15.9933385849,0.9960078001,0.9961975813,0.9992050529,16.8994865417,16.9017105103,16.9443798065,1.1156108379,1.1159030199,1.1215592623,16.0277290344,16.0175170898,15.9008312225,1.0035929680,1.0023113489,0.9879124761
15000,5.8812971115,5.8831343651,5.9022402763,2.6765992641,2.6875066757,2.7146842480,6.2172374725,6.2794299126,6.1596274376,2.6771221161,2.7225065231,2.6889092922,3.9199173450,3.9234917164,3.8996982574,0.9042473435,0.9059432745,0.8951148391,8.3220787048,8.3356657028,8.1315517426,0.2712763548,0.2725045979,0.2597724199,15.9685325623,15.9726781845,15.9991264343,0.9960953593,0.9966130853,0.9999284744,16.9543609619,16.9587821960,17.0070419312,1.1228669882,1.1234509945,1.1298735142,16.0116767883,15.9960260391,15.8900365829,1.0015889406,0.9996346235,0.9865993857
16000,6.2748432159,6.2789602280,6.2554893494,2.8512656689,2.8311724663,2.8589274883,6.6176309586,6.6288452148,6.5030965805,2.8351883888,2.8337073326,2.8341588974,3.9308278561,3.9314055443,3.9053192139,0.9094621539,0.9097350240,0.8979007602,8.3920240402,8.3884372711,8.2019281387,0.2761673331,0.2761977911,0.2649808526,15.9635782242,15.9677658081,16.0049171448,0.9954739213,0.9959950447,1.0006607771,17.0078163147,17.0134830475,17.0797214508,1.1299581528,1.1307092905,1.1395642757,15.9568548203,15.9426822662,15.8356590271,0.9947336912,0.9929641485,0.9798749685
1000,5.9038472176,5.9134016037,5.9540510178,2.7912242413,2.7869009972,2.8654508591,6.3141446114,6.3282065392,6.3142485619,2.7805478573,2.7680659294,2.8154914379,4.0741362572,4.0743970871,4.0681471825,0.9764062762,0.9765319228,0.9735512733,8.8209657669,8.7697925568,8.7127695084,0.3040617704,0.3006344140,0.2968636751,15.9608297348,15.9597511292,15.9490537643,0.9951170087,0.9949828386,0.9936505556,16.1487693787,16.1478118896,16.1393051147,1.0186851025,1.0185643435,1.0174920559,16.0395526886,16.0374088287,16.0358867645,1.0049507618,1.0046819448,1.0044918060
2000,5.9125413895,5.9154238701,5.9241843224,2.6723330021,2.6931655407,2.7093365192,6.2898082733,6.3027443886,6.2567620277,2.6445879936,2.6635959148,2.6474080086,4.0585079193,4.0593743324,4.0491824150,0.9689570069,0.9693786502,0.9645275474,8.7748489380,8.7149572372,8.6081933975,0.3009486794,0.2969133258,0.2899363339,15.9608249664,15.9586248398,15.9424943924,0.9951191545,0.9948453307,0.9928391576,16.2276420593,16.2260856628,16.2134799957,1.0286611319,1.0284638405,1.0268676281,16.0649528503,16.0624008179,16.0535640717,1.0081371069,1.0078170300,1.0067105293
3000,4.9397225380,4.9414124489,4.9599447250,2.3256340027,2.3186941147,2.3600974083,5.3459620476,5.3600897789,5.3219990730,2.2972955704,2.2990136147,2.3014895916,4.0342693329,4.0335273743,4.0250692368,0.9573754072,0.9570212364,0.9530420303,8.6704149246,8.6346101761,8.5246219635,0.2937439978,0.2913730741,0.2842443585,15.9693078995,15.9683637619,15.9548454285,0.9961817265,0.9960646629,0.9943840504,16.2974319458,16.2960433960,16.2858943939,1.0375289917,1.0373523235,1.0360620022,16.0830745697,16.0806789398,16.0661659241,1.0104141235,1.0101130009,1.0082967281
4000,5.6949696541,5.7006354332,5.6931614876,2.5477182865,2.5703167915,2.5754797459,6.0576953888,6.0708861351,6.0054416656,2.5178349018,2.5371513367,2.5105333328,4.0309791565,4.0318102837,4.0208439827,0.9558777213,0.9562795758,0.9511423707,8.6873254776,8.6499671936,8.5010719299,0.2950928807,0.2926895618,0.2829839587,15.9651088715,15.9635047913,15.9472942352,0.9956573248,0.9954589605,0.9934431911,16.3525409698,16.3504467010,16.3385639191,1.0445576906,1.0442903042,1.0427745581,16.0954895020,16.0909328461,16.0649681091,1.0119792223,1.0114060640,1.0081571341
5000,6.2830319405,6.2875275612,6.3233671188,2.8369846344,2.8602595329,2.9054658413,6.6046628952,6.6226429939,6.5681033134,2.7636387348,2.7934503555,2.7942240238,4.0147347450,4.0154147148,4.0016403198,0.9481466413,0.9484766722,0.9420472980,8.5345163345,8.4902505875,8.3343324661,0.2845530510,0.2816635370,0.2717169523,15.9494600296,15.9485855103,15.9336814880,0.9937088490,0.9936002493,0.9917477965,16.3972816467,16.3955726624,16.3863945007,1.0502814054,1.0500621796,1.0488876104,16.0844440460,16.0809783936,16.0483379364,1.0105937719,1.0101586580,1.0060856342
6000,6.4792695045,6.4808373451,6.5135917664,3.0059957504,2.9910180569,3.0787751675,6.7979693413,6.8082475662,6.7624435425,2.9359531403,2.9208817482,2.9779305458,4.0078945160,4.0084433556,3.9930226803,0.9450206161,0.9452716112,0.9380962253,8.5092515945,8.4728555679,8.3117618561,0.2832630575,0.2809056640,0.2706670165,15.9466352463,15.9482584000,15.9378566742,0.9933611751,0.9935621023,0.9922709465,16.4515991211,16.4512042999,16.4476833344,1.0572535992,1.0572012663,1.0567492247,16.0821571350,16.0722045898,16.0384941101,1.0103120804,1.0090627670,1.0048700571
7000,5.8763222694,5.8821387291,5.8494729996,2.6521701813,2.6631143093,2.6644709110,6.2170519829,6.2282476425,6.1178584099,2.6020605564,2.6175568104,2.5793554783,3.9987132549,3.9984939098,3.9845345020,0.9407336712,0.9406354427,0.9341866970,8.5313282013,8.5193605423,8.3481960297,0.2848179936,0.2843117714,0.2733279765,15.9617862701,15.9673671722,15.9576358795,0.9952487350,0.9959453940,0.9947347641,16.5142402649,16.5173912048,16.5153636932,1.0653194189,1.0657258034,1.0654628277,16.0829868317,16.0772132874,16.0254726410,1.0104229450,1.0097004175,1.0032545328
8000,6.8455533981,6.8534183502,6.9097223282,3.2640221119,3.2832844257,3.3692133427,7.1242294312,7.1650314331,7.1117839813,3.1744835377,3.2042229176,3.2480201721,3.9803497791,3.9813671112,3.9648852348,0.9320967197,0.9325837493,0.9249746799,8.3675394058,8.3411483765,8.1581239700,0.2739411592,0.2723328769,0.2608039677,15.9400730133,15.9409799576,15.9376316071,0.9925467968,0.9926602244,0.9922441840,16.5524559021,16.5520248413,16.5574245453,1.0702582598,1.0702009201,1.0708986521,16.0714550018,16.0628185272,16.0019550323,1.0089862347,1.0079019070,1.0003412962
9000,6.6858224869,6.6819009781,6.6486363411,3.0033953190,3.0166718960,2.9905502796,6.9912290573,7.0194950104,6.8765206337,2.9599924088,2.9752237797,2.9081640244,3.9910933971,3.9936962128,3.9734799862,0.9372752309,0.9385262132,0.9291865826,8.5128545761,8.4884395599,8.2953958511,0.2840741277,0.2824308276,0.2703993618,15.9528293610,15.9546670914,15.9585008621,0.9941342473,0.9943620563,0.9948433042,16.6149330139,16.6153717041,16.6288070679,1.0783540010,1.0784078836,1.0801535845,16.0754013062,16.0604553223,15.9824733734,1.0094974041,1.0076211691,0.9979370832
10000,5.6130146980,5.6182260513,5.6413278580,2.5607819557,2.5682778358,2.6179611683,5.9402880669,5.9657268524,5.9123296738,2.5062847137,2.5275599957,2.5516245365,3.9628245831,3.9633729458,3.9470276833,0.9239950180,0.9242573977,0.9167550206,8.3912429810,8.3738470078,8.2152900696,0.2755628824,0.2745010555,0.2646753490,15.9685277939,15.9697427750,15.9770956039,0.9960914254,0.9962421060,0.9971611500,16.6722488403,16.6723423004,16.6927394867,1.0858027935,1.0858134031,1.0884716511,16.0465812683,16.0405292511,15.9793529510,1.0058785677,1.0051229000,0.9975708723
11000,6.4062805176,6.4127283096,6.4180870056,2.8683762550,2.8964090347,2.9009025097,6.7127470970,6.7471666336,6.6475596428,2.8280696869,2.8590524197,2.8279213905,3.9717226028,3.9743974209,3.9531955719,0.9282465577,0.9295264482,0.9197719693,8.4361400604,8.4528236389,8.2112541199,0.2788215280,0.2803481519,0.2646737397,15.9561138153,15.9621915817,15.9682435989,0.9945431948,0.9953029156,0.9960600138,16.7217197418,16.7268524170,16.7485752106,1.0922598839,1.0929300785,1.0957735777,16.0522212982,16.0425071716,15.9521522522,1.0066113472,1.0054035187,0.9942184687
12000,5.9773082733,5.9919033051,5.9950571060,2.8160045147,2.8478980064,2.8780086040,6.2935461998,6.3313732147,6.2378311157,2.7711071968,2.8155438900,2.8076381683,3.9443421364,3.9483220577,3.9302399158,0.9155284166,0.9174417853,0.9091501832,8.3344717026,8.3224315643,8.1603641510,0.2724047601,0.2718304098,0.2619088292,15.9619159698,15.9651746750,15.9829292297,0.9952710867,0.9956805110,0.9979022145,16.7755527496,16.7791690826,16.8130264282,1.0993041992,1.0997791290,1.1042307615,16.0357284546,16.0261001587,15.9322900772,1.0045559406,1.0033557415,0.9917775989
13000,6.0501537323,6.0643463135,6.0752220154,2.8199520111,2.8140580654,2.8595087528,6.3630480766,6.3918395042,6.3008770943,2.7688465118,2.7759084702,2.7814173698,3.9398279190,3.9416019917,3.9226844311,0.9135116339,0.9143423438,0.9056884646,8.3094434738,8.3181209564,8.1317157745,0.2706873417,0.2714638114,0.2599707842,15.9613485336,15.9667882919,15.9858074188,0.9952005148,0.9958808422,0.9982602596,16.8336181641,16.8381423950,16.8767681122,1.1069289446,1.1075247526,1.1126199961,16.0162620544,15.9972696304,15.9015188217,1.0021243095,0.9997527599,0.9879757166
14000,6.6131963730,6.6206727028,6.6361694336,3.0168056488,3.0323400497,3.0789108276,6.9140596390,6.9417591095,6.8550972939,2.9680709839,2.9972341061,3.0183899403,3.9468042850,3.9494333267,3.9263031483,0.9168072939,0.9180247188,0.9074841142,8.3534603119,8.3503961563,8.1385383606,0.2736239135,0.2734661996,0.2604503334,15.9519367218,15.9573564529,15.9823799133,0.9940233827,0.9946978688,0.9978350997,16.8809165955,16.8868885040,16.9369831085,1.1131578684,1.1139429808,1.1205830574,15.9861507416,15.9735431671,15.8709182739,0.9983814955,0.9968193769,0.9842383265
15000,6.0898323059,6.0882940292,6.1197018623,2.7763504982,2.7664995193,2.8404996395,6.4250254631,6.4202966690,6.3568043709,2.7486476898,2.7392055988,2.7876825333,3.9326782227,3.9332835674,3.9135224819,0.9102972150,0.9105654955,0.9016321301,8.3271131516,8.3387279510,8.1416683197,0.2719435394,0.2728647888,0.2608176172,15.9604473114,15.9691410065,15.9995794296,0.9950843453,0.9961694479,0.9999864101,16.9392890930,16.9472751617,17.0055847168,1.1208685637,1.1219261885,1.1296874285,15.9714698792,15.9502201080,15.8423357010,0.9965552688,0.9939117432,0.9807159901
16000,5.6798343658,5.6782960892,5.7058739662,2.6489925385,2.6709849834,2.7162332535,5.9962668419,6.0486288071,5.9523491859,2.6240050793,2.6808102131,2.6746208668,3.9083440304,3.9104568958,3.8902695179,0.8990480900,0.9000806808,0.8909064531,8.2429361343,8.2286968231,8.0490989685,0.2664887905,0.2657135427,0.2547809482,15.9664955139,15.9665985107,16.0000114441,0.9958397746,0.9958556890,1.0000464916,16.9918003082,16.9933261871,17.0509052277,1.1278284788,1.1280311346,1.1357244253,15.9789342880,15.9679822922,15.8541326523,0.9975160360,0.9961497188,0.9822090268
1000,5.9038472176,5.9134016037,5.9540510178,2.7912242413,2.7869009972,2.8654508591,6.3283352852,6.3425526619,6.3271117210,2.7914731503,2.7787904739,2.8249108791,4.0728363991,4.0731468201,4.0673704147,0.9757770896,0.9759271145,0.9731718898,8.8168315887,8.7717609406,8.7188158035,0.3037720025,0.3007625937,0.2972587049,15.9607744217,15.9606828690,15.9484577179,0.9951103330,0.9950988889,0.9935777783,16.1430873871,16.1426658630,16.1338348389,1.0179685354,1.0179153681,1.0168030262,16.0356464386,16.0337734222,16.0318298340,1.0044612885,1.0042265654,1.0039834976
2000,5.9125413895,5.9154238701,5.9241843224,2.6723330021,2.6931655407,2.7093365192,6.3112282753,6.3267374039,6.2773213387,2.6602976322,2.6805195808,2.6620557308,4.0549669266,4.0559730530,4.0464386940,0.9672593474,0.9677479267,0.9632112384,8.7650651932,8.7104387283,8.6141738892,0.3002732992,0.2965988517,0.2903284431,15.9613685608,15.9602642059,15.9425001144,0.9951869249,0.9950500727,0.9928402305,16.2209205627,16.2200069427,16.2069835663,1.0278090239,1.0276935101,1.0260456800,16.0624866486,16.0605831146,16.0511054993,1.0078277588,1.0075888634,1.0064022541
3000,4.9397225380,4.9414124489,4.9599447250,2.3256340027,2.3186941147,2.3600974083,5.3699445724,5.3840212822,5.3442807198,2.3142528534,2.3154568672,2.3172852993,4.0282173157,4.0274910927,4.0197906494,0.9545020461,0.9541553259,0.9505347610,8.6569690704,8.6276826859,8.5266027451,0.2928412557,0.2909129262,0.2843643427,15.9708023071,15.9705953598,15.9561862946,0.9963688850,0.9963433146,0.9945525527,16.2921218872,16.2912826538,16.2813167572,1.0368533134,1.0367465019,1.0354801416,16.0832805634,16.0816345215,16.0667171478,1.0104399920,1.0102334023,1.0083658695
4000,5.6949696541,5.7006354332,5.6931614876,2.5477182865,2.5703167915,2.5754797459,6.0883626938,6.1053876877,6.0357875824,2.5393846035,2.5604901314,2.5318214893,4.0245723724,4.0256071091,4.0154533386,0.9528434873,0.9533423185,0.9485881925,8.6693258286,8.6400537491,8.5024242401,0.2938625515,0.2920163870,0.2830593586,15.9662685394,15.9659919739,15.9487953186,0.9958022237,0.9957692027,0.9936302900,16.3473148346,16.3469429016,16.3355751038,1.0438902378,1.0438426733,1.0423921347,16.0991210938,16.0959453583,16.0697612762,1.0124357939,1.0120362043,1.0087575912
5000,6.2830319405,6.2875275612,6.3233671188,2.8369846344,2.8602595329,2.9054658413,6.6402935982,6.6612873077,6.6019515991,2.7898881435,2.8209805489,2.8195066452,4.0087404251,4.0095095634,3.9966917038,0.9453227520,0.9456961751,0.9397147298,8.5182428360,8.4813203812,8.3376369476,0.2834777236,0.2810795903,0.2719208598,15.9505815506,15.9509277344,15.9345607758,0.9938482046,0.9938913584,0.9918570518,16.3943843842,16.3943214417,16.3859615326,1.0499105453,1.0499016047,1.0488318205,16.0946693420,16.0935401917,16.0604705811,1.0118781328,1.0117369890,1.0076047182
6000,6.4792695045,6.4808373451,6.5135917664,3.0059957504,2.9910180569,3.0787751675,6.8370332718,6.8488421440,6.7995972633,2.9643576145,2.9502172470,3.0057566166,4.0017323494,4.0023961067,3.9880661964,0.9421237707,0.9424281120,0.9357640743,8.4897422791,8.4656858444,8.3131694794,0.2819492817,0.2804236114,0.2707234919,15.9476070404,15.9502248764,15.9373273849,0.9934818745,0.9938064814,0.9922046065,16.4510993958,16.4524860382,16.4494647980,1.0571895838,1.0573661327,1.0569775105,16.1003780365,16.0936775208,16.0588626862,1.0126013756,1.0117601156,1.0074191093
7000,5.8763222694,5.8821387291,5.8494729996,2.6521701813,2.6631143093,2.6644709110,6.2513513565,6.2641377449,6.1494903564,2.6236102581,2.6399714947,2.5990822315,3.9926881790,3.9927074909,3.9796073437,0.9379110336,0.9379274845,0.9318687916,8.5179891586,8.5221176147,8.3563385010,0.2838976979,0.2844699621,0.2738051713,15.9616670609,15.9677619934,15.9548721313,0.9952338338,0.9959942698,0.9943909049,16.5129661560,16.5186443329,16.5163040161,1.0651549101,1.0658870935,1.0655837059,16.1071205139,16.1042480469,16.0538063049,1.0134550333,1.0130974054,1.0067964792
8000,6.8455533981,6.8534183502,6.9097223282,3.2640221119,3.2832844257,3.3692133427,7.1634449959,7.2093014717,7.1483716965,3.2009572983,3.2330622673,3.2723066807,3.9770600796,3.9784955978,3.9628031254,0.9305684566,0.9312559962,0.9239942431,8.3782100677,8.3721027374,8.2053499222,0.2746115625,0.2743248343,0.2637851834,15.9372205734,15.9397783279,15.9319887161,0.9921914935,0.9925097823,0.9915415645,16.5526199341,16.5553398132,16.5593395233,1.0702791214,1.0706293583,1.0711460114,16.0983428955,16.0947608948,16.0390224457,1.0123596191,1.0119106770,1.0049629211
9000,6.6858224869,6.6819009781,6.6486363411,3.0033953190,3.0166718960,2.9905502796,7.0341453552,7.0693244934,6.9176244736,2.9864087105,3.0053617954,2.9327018261,3.9857532978,3.9888627529,3.9698779583,0.9347807765,0.9362717271,0.9274884462,8.5007658005,8.4972333908,8.3284568787,0.2832103670,0.2829603851,0.2724593282,15.9485359192,15.9521160126,15.9487295151,0.9935984612,0.9940429926,0.9936254025,16.6108722687,16.6150493622,16.6240997314,1.0778268576,1.0783659220,1.0795418024,16.1141395569,16.1052093506,16.0324478149,1.0143601894,1.0132391453,1.0041642189
10000,5.6130146980,5.6182260513,5.6413278580,2.5607819557,2.5682778358,2.6179611683,5.9843311310,6.0109610558,5.9529972076,2.5322992802,2.5537133217,2.5750949383,3.9561579227,3.9569065571,3.9416832924,0.9209524989,0.9213088751,0.9143086076,8.3768100739,8.3770647049,8.2255640030,0.2745930552,0.2746847570,0.2652566135,15.9643449783,15.9663906097,15.9656915665,0.9955675006,0.9958212972,0.9957374930,16.6641139984,16.6662864685,16.6787490845,1.0847426653,1.0850236416,1.0866483450,16.0964336395,16.0941066742,16.0368442535,1.0121308565,1.0118430853,1.0047335625
11000,6.4062805176,6.4127283096,6.4180870056,2.8683762550,2.8964090347,2.9009025097,6.7611069679,6.8000183105,6.6945896149,2.8593056202,2.8925836086,2.8571238518,3.9683444500,3.9716212749,3.9514267445,0.9267144203,0.9282820225,0.9189548492,8.4125442505,8.4464130402,8.2217149734,0.2772097588,0.2798482180,0.2652354240,15.9518413544,15.9590587616,15.9560441971,0.9940075874,0.9949080944,0.9945366383,16.7124576569,16.7203197479,16.7323570251,1.0910491943,1.0920747519,1.0936502218,16.1052856445,16.1023578644,16.0188941956,1.0132639408,1.0129075050,1.0025160313
12000,5.9773082733,5.9919033051,5.9950571060,2.8160045147,2.8478980064,2.8780086040,6.3443803787,6.3836035728,6.2862296104,2.8053545952,2.8498182297,2.8389022350,3.9414474964,3.9459252357,3.9286897182,0.9142435789,0.9163898826,0.9084519148,8.3277130127,8.3375902176,8.1887683868,0.2718237340,0.2727022767,0.2635660768,15.9567518234,15.9605607986,15.9682292938,0.9946242571,0.9951008558,0.9960643053,16.7641353607,16.7700080872,16.7916221619,1.0978077650,1.0985765457,1.1014177799,16.0990257263,16.0951347351,16.0103168488,1.0124858618,1.0120038986,1.0014687777
13000,6.0501537323,6.0643463135,6.0752220154,2.8199520111,2.8140580654,2.8595087528,6.4198341370,6.4471931458,6.3533277512,2.8089046478,2.8127725124,2.8167526722,3.9360494614,3.9380991459,3.9200000763,0.9118457437,0.9128050208,0.9044926763,8.2970457077,8.3209705353,8.1549167633,0.2697484195,0.2715265453,0.2613061666,15.9568910599,15.9630422592,15.9699010849,0.9946400523,0.9954077005,0.9962692261,16.8209133148,16.8272705078,16.8495979309,1.1052577496,1.1060928106,1.1090356112,16.0847396851,16.0722675323,15.9863710403,1.0106922388,1.0091309547,0.9984873533
14000,6.6131963730,6.6206727028,6.6361694336,3.0168056488,3.0323400497,3.0789108276,6.9764208794,7.0047645569,6.9137196541,3.0126681328,3.0410144329,3.0593144894,3.9423787594,3.9455285072,3.9231598377,0.9148403406,0.9163045883,0.9060748219,8.3253955841,8.3394241333,8.1462984085,0.2716654539,0.2726597488,0.2608026564,15.9491682053,15.9554767609,15.9651403427,0.9936739802,0.9944581985,0.9956771731,16.8688240051,16.8768997192,16.9052219391,1.1115628481,1.1126234531,1.1163760424,16.0673313141,16.0607948303,15.9688558578,1.0085185766,1.0077106953,0.9963412881
15000,6.0898323059,6.0882940292,6.1197018623,2.7763504982,2.7664995193,2.8404996395,6.4895672798,6.4824018478,6.4160480499,2.7951719761,2.7819595337,2.8289690018,3.9254970551,3.9265882969,3.9075186253,0.9071098566,0.9076061845,0.8989551663,8.2981605530,8.3264093399,8.1483650208,0.2699039280,0.2719291449,0.2610844076,15.9552793503,15.9648637772,15.9793319702,0.9944343567,0.9956288934,0.9974498749,16.9242000580,16.9346904755,16.9686985016,1.1188714504,1.1202582121,1.1247801781,16.0588874817,16.0452098846,15.9500761032,1.0074650049,1.0057605505,0.9940144420
16000,5.6798343658,5.6782960892,5.7058739662,2.6489925385,2.6709849834,2.7162332535,6.0524601936,6.1091866493,6.0059156418,2.6599385738,2.7201306820,2.7079291344,3.9002354145,3.9027988911,3.8835792542,0.8954707384,0.8967060447,0.8879592419,8.2252807617,8.2261953354,8.0678653717,0.2651727200,0.2654207349,0.2558386028,15.9589500427,15.9604558945,15.9786815643,0.9948959351,0.9950843453,0.9973740578,16.9699687958,16.9745140076,17.0085754395,1.1249330044,1.1255333424,1.1300796270,16.0991191864,16.0936527252,15.9921340942,1.0125459433,1.0118649006,0.9993085265
17000,5.9419169426,5.9501652718,5.9602303505,2.7620642185,2.7766993046,2.8000371456,6.2587480545,6.3314299583,6.2189412117,2.7481918335,2.8100266457,2.7800135612,3.9074718952,3.9086995125,3.8832561970,0.8986596465,0.8992486000,0.8876980543,8.3052644730,8.2860059738,8.0996837616,0.2705578208,0.2695293725,0.2580813169,15.9677829742,15.9687137604,16.0044727325,0.9960036278,0.9961205125,1.0006049871,17.0541782379,17.0584220886,17.1216526031,1.1361308098,1.1366965771,1.1451712847,15.9708614349,15.9522380829,15.8423843384,0.9965103865,0.9941824079,0.9807210565
18000,7.0771875381,7.0797429085,7.1231951714,3.2413377762,3.2449936867,3.3113384247,7.3995976448,7.4504170418,7.3147010803,3.2338862419,3.2676174641,3.2652587891,3.9206578732,3.9225730896,3.8944189548,0.9045901895,0.9054906964,0.8927893043,8.3102321625,8.3106651306,8.0740146637,0.2704823613,0.2705729306,0.2561939955,15.9466428757,15.9524068832,15.9943466187,0.9933658242,0.9940813184,0.9993474483,17.0490131378,17.0553989410,17.1315937042,1.1354454756,1.1362917423,1.1465113163,15.9244146347,15.9031581879,15.7788076401,0.9907266498,0.9880645275,0.9728938937
19000,6.3226294518,6.3226056099,6.3052558899,2.8084430695,2.8207085133,2.8237056732,6.6829104424,6.7033987045,6.5531845093,2.8327484131,2.8607826233,2.8177621365,3.9293720722,3.9309408665,3.9053149223,0.9087907672,0.9095218778,0.8979688883,8.4272537231,8.4293756485,8.2536869049,0.2785619497,0.2789434791,0.2684541345,15.9665498734,15.9712867737,16.0176181793,0.9958460331,0.9964362979,1.0022575855,17.0605659485,17.0665683746,17.1457786560,1.1369825602,1.1377822161,1.1484148502,15.9418191910,15.9232950211,15.7898464203,0.9929040670,0.9905851483,0.9742431641
20000,6.1038432121,6.0915150642,6.0707478523,2.7829804420,2.7607145309,2.7773339748,6.4377012253,6.4566569328,6.3153886795,2.7825231552,2.7859547138,2.7585022449,3.9220306873,3.9238097668,3.8983426094,0.9054795504,0.9063135982,0.8947741985,8.3659191132,8.4110794067,8.2358360291,0.2747240961,0.2779822350,0.2675409913,15.9670333862,15.9789199829,16.0200042725,0.9959112406,0.9973915219,1.0025521517,17.0596256256,17.0714130402,17.1431770325,1.1368581057,1.1384305954,1.1480586529,15.9254493713,15.9050292969,15.7849407196,0.9908466935,0.9882974625,0.9736078382
17000,5.5241451263,5.5232601166,5.5675978661,2.5245659351,2.5523433685,2.5940189362,5.8285236359,5.8965373039,5.8178997040,2.4939727783,2.5714132786,2.5569803715,3.8977601528,3.8999907970,3.8788249493,0.8941141367,0.8952077627,0.8855845928,8.2260065079,8.2005586624,8.0107250214,0.2651067376,0.2635208964,0.2517803311,15.9715747833,15.9686727524,16.0038452148,0.9964711666,0.9961121082,1.0005203485,17.0409126282,17.0417022705,17.1026363373,1.1343573332,1.1344622374,1.1426239014,15.9508142471,15.9464950562,15.8386468887,0.9940060973,0.9934792519,0.9803267717
18000,6.0225791931,6.0337262154,6.0303220749,2.7836656570,2.7842285633,2.8183815479,6.3383636475,6.3622198105,6.2497196198,2.7511210442,2.7673277855,2.7626461983,3.9111042023,3.9125595093,3.8903973103,0.9003700614,0.9010362029,0.8909986615,8.2531175613,8.2623243332,8.0684204102,0.2670852244,0.2677777410,0.2559938431,15.9556255341,15.9628801346,16.0044670105,0.9944865704,0.9953888059,1.0006035566,17.0322418213,17.0399684906,17.1110801697,1.1332068443,1.1342324018,1.1437597275,15.9313697815,15.9103803635,15.7897891998,0.9915727377,0.9889681935,0.9742764235
19000,6.7438988686,6.7445478439,6.7158212662,3.0507299900,3.0787472725,3.0670628548,7.0507984161,7.1227631569,6.9483618736,3.0441586971,3.1052863598,3.0373122692,3.9463069439,3.9491457939,3.9233198166,0.9169211984,0.9182840586,0.9065047503,8.4603681564,8.4995040894,8.2317533493,0.2817445695,0.2848788202,0.2678681612,15.9660243988,15.9720640182,16.0024070740,0.9957934022,0.9965525270,1.0003640652,17.0557937622,17.0659866333,17.1213798523,1.1363646984,1.1377243996,1.1451593637,15.9552450180,15.9418268204,15.7945451736,0.9946438670,0.9929964542,0.9749147296
20000,6.3052568436,6.3022708893,6.3141336441,2.8125994205,2.8133265972,2.8472158909,6.6166081429,6.6442346573,6.5310487747,2.7949600220,2.8116068840,2.8051714897,3.9306783676,3.9316005707,3.9067690372,0.9094352722,0.9098743200,0.8986290097,8.3865365982,8.3468351364,8.1400594711,0.2759345174,0.2732750475,0.2607752979,15.9635658264,15.9624528885,16.0065383911,0.9954751730,0.9953364134,1.0008690357,17.0451850891,17.0442409515,17.1208782196,1.1349341869,1.1348038912,1.1450792551,15.9185762405,15.8963947296,15.7763652802,0.9900121689,0.9872454405,0.9726366997
17000,5.5241451263,5.5232601166,5.5675978661,2.5245659351,2.5523433685,2.5940189362,5.8873314857,5.9594178200,5.8742089272,2.5327262878,2.6130537987,2.5930962563,3.8897130489,3.8924062252,3.8720684052,0.8906016350,0.8919013739,0.8826385140,8.2075700760,8.1950254440,8.0282831192,0.2637705505,0.2630570531,0.2527773380,15.9651050568,15.9636783600,15.9816761017,0.9956598282,0.9954823852,0.9977419376,17.0192203522,17.0222816467,17.0561695099,1.1314723492,1.1318759918,1.1364102364,16.0727443695,16.0731468201,15.9757242203,1.0092346668,1.0092983246,0.9972908497
18000,6.0225791931,6.0337262154,6.0303220749,2.7836656570,2.7842285633,2.8183815479,6.4038982391,6.4246053696,6.3089389801,2.7965600491,2.8081052303,2.8014385700,3.9042022228,3.9060542583,3.8849110603,0.8973344564,0.8981872201,0.8885914087,8.2253618240,8.2505378723,8.0838661194,0.2651293576,0.2668740451,0.2568258345,15.9506568909,15.9595098495,15.9823551178,0.9938617349,0.9949619770,0.9978322983,17.0125637054,17.0230693817,17.0648326874,1.1305890083,1.1319818497,1.1375693083,16.0562114716,16.0427551270,15.9332866669,1.0071470737,1.0054734945,0.9919881225
19000,6.7438988686,6.7445478439,6.7158212662,3.0507299900,3.0787472725,3.0670628548,7.1194462776,7.1969265938,7.0134472847,3.0939221382,3.1578223705,3.0813927650,3.9411723614,3.9447481632,3.9194946289,0.9146045446,0.9163092971,0.9047557712,8.4218387604,8.4740619659,8.2293329239,0.2789984643,0.2829863429,0.2674376369,15.9589490891,15.9651918411,15.9801692963,0.9949061871,0.9956876636,0.9975751638,17.0338230133,17.0439052582,17.0756683350,1.1334332228,1.1347726583,1.1390308142,16.0718898773,16.0657844543,15.9338502884,1.0091838837,1.0084468126,0.9920945168
20000,6.3052568436,6.3022708893,6.3141336441,2.8125994205,2.8133265972,2.8472158909,6.6833238602,6.7118344307,6.5929727554,2.8406960964,2.8564248085,2.8455171585,3.9246127605,3.9261374474,3.9023468494,0.9067456126,0.9074637890,0.8966639042,8.3481464386,8.3282594681,8.1455049515,0.2732433677,0.2719452381,0.2609578669,15.9589147568,15.9600162506,15.9833574295,0.9948905110,0.9950258136,0.9979623556,17.0261669159,17.0290203094,17.0729427338,1.1324018240,1.1327755451,1.1386579275,16.0458011627,16.0312843323,15.9213714600,1.0058635473,1.0040483475,0.9905142784
1000,6.0185060501,6.0216126442,6.0502848625,2.7627511024,2.7682375908,2.8003945351,6.4324574471,6.4253726006,6.3991618156,2.7667553425,2.7434463501,2.7484004498,4.0723009109,4.0729346275,4.0645589828,0.9755079150,0.9758156538,0.9718176126,8.8598442078,8.7914304733,8.7348852158,0.3066048026,0.3019687235,0.2982913852,15.9613656998,15.9617738724,15.9489860535,0.9951830506,0.9952338338,0.9936428070,16.1470184326,16.1472244263,16.1379814148,1.0184640884,1.0184901953,1.0173254013,16.0363483429,16.0351028442,16.0324020386,1.0045496225,1.0043933392,1.0040553808
2000,6.4719734192,6.4733409882,6.5048203468,2.9991521835,3.0084273815,3.0713884830,6.8401842117,6.8503193855,6.8080801964,2.9549856186,2.9627478123,2.9910492897,4.0502920151,4.0511641502,4.0392837524,0.9650037289,0.9654263854,0.9597979188,8.7417812347,8.6798715591,8.5786609650,0.2986029387,0.2944473624,0.2878440619,15.9529552460,15.9531517029,15.9364643097,0.9941385388,0.9941632748,0.9920876026,16.2179813385,16.2181549072,16.2054367065,1.0274369717,1.0274589062,1.0258492231,16.0561141968,16.0545024872,16.0446472168,1.0070285797,1.0068262815,1.0055932999
3000,5.5732932091,5.5776629448,5.5892982483,2.5572066307,2.5800395012,2.5969300270,5.9389710426,5.9544377327,5.9179282188,2.5144884586,2.5419516563,2.5320312977,4.0356302261,4.0360164642,4.0245518684,0.9580585361,0.9582524896,0.9528377056,8.7219352722,8.6691493988,8.5517625809,0.2973859310,0.2938272953,0.2861938775,15.9672451019,15.9664678574,15.9506683350,0.9959244728,0.9958279133,0.9938632250,16.2935314178,16.2927608490,16.2810974121,1.0370327234,1.0369347334,1.0354521275,16.0771427155,16.0758800507,16.0594348907,1.0096709728,1.0095118284,1.0074545145
4000,5.6723470688,5.6703243256,5.6951932907,2.6599671841,2.6568439007,2.6956176758,6.0355777740,6.0472850800,5.9976563454,2.6160111427,2.6137876511,2.6140499115,4.0151538849,4.0157694817,4.0034289360,0.9483221769,0.9486174583,0.9428375363,8.6006422043,8.5577154160,8.4273080826,0.2890366912,0.2861800492,0.2777917683,15.9608097076,15.9618730545,15.9477586746,0.9951260686,0.9952582717,0.9935045838,16.3508224487,16.3510398865,16.3409156799,1.0443395376,1.0443667173,1.0430749655,16.0849304199,16.0801868439,16.0533523560,1.0106530190,1.0100569725,1.0067051649
5000,5.8646197319,5.8715481758,5.9169306755,2.7229874134,2.7432820797,2.7936615944,6.2053079605,6.2388243675,6.1990308762,2.6726264954,2.7061619759,2.7113919258,4.0043005943,4.0067391396,3.9921071529,0.9432281256,0.9443892241,0.9375531077,8.5549373627,8.5148477554,8.3686380386,0.2860455513,0.2833997309,0.2740304172,15.9593324661,15.9597043991,15.9469499588,0.9949429631,0.9949887395,0.9934035540,16.4036445618,16.4032878876,16.3953971863,1.0510981083,1.0510516167,1.0500421524,16.0810241699,16.0766716003,16.0429344177,1.0101680756,1.0096211433,1.0054116249
6000,5.5781373978,5.5832681656,5.5946974754,2.5301983356,2.5307066441,2.5634706020,5.9406981468,5.9650454521,5.8947124481,2.5116639137,2.5115492344,2.5058624744,4.0000691414,4.0009059906,3.9856977463,0.9412767291,0.9416760206,0.9346060753,8.5722894669,8.5529136658,8.3936309814,0.2873014510,0.2860801816,0.2758876383,15.9669580460,15.9690141678,15.9590845108,0.9958947897,0.9961510301,0.9949166179,16.4632358551,16.4637298584,16.4591312408,1.0587494373,1.0588120222,1.0582209826,16.0912666321,16.0859489441,16.0472850800,1.0114617348,1.0107930899,1.0059714317
